{
    "sign_in": "Sign In",
    "EMAIL": "Email",
    "PASSWORD": "Password",
    "Register_Now": "Register Now",
    "Forgot_Password?": "Forgot Password?",
    "RESET": "RESET",
    "Back_to_Login": "Back to Login",
    "Login_with_Facebook": "Login with Facebook",
    "Login_with_Google": "Login with Google",
    "2FA_Secret_Key": "2FA Secret Key",
    "Total_Assesment_Forms": "Total Assesment Forms",
    "TOTAL_SUB_FORMS": "TOTAL SUB FORMS",
    "TOTAL_USERS": "TOTAL USERS",
    "TOTAL_EXTERNAL_USERS": "TOTAL EXTERNAL USERS",
    "TOTAL_COMPLETED_FORM": "TOTAL COMPLETED FORM",
    "INCOMPLETE_FORMS": "INCOMPLETE FORMS",
    "TOTAL_ACTIVITIES": "TOTAL ACTIVITIES",
    "TOTAL_COMPLETED_SAR_FORMS": "TOTAL COMPLETED SAR FORMS",
    "TOTAL_INCOMPLETE_SAR_FORM": "TOTAL INCOMPLETE SAR FORM",
    "TOTAL_INCIDENT_REGISTER_FORMS": "TOTAL INCIDENT REGISTER FORMS",
    "COMPLETED_SAR_REQUESTS": "COMPLETED SAR REQUESTS",
    "INCOMPLETE_SAR_REQUESTS": "INCOMPLETE SAR REQUESTS",
    "Manage_Forms": "Manage Forms",
    "2FA_has_been_removed": "2FA has been removed",
    "Go_Home": "Go Home",
    "Open_up_your_2FA_mobile_app_and_scan_the_following_QR_barcode": "Open up your 2FA mobile app and scan the following QR barcode",
    "If_your_2FA_mobile_app_does_not_support_QR_barcodes,enter_in_the_following_number": "If your 2FA mobile app does not support QR barcodes,enter in the following number",
    "Enable_2FA": "Enable 2FA",
    "One_Time_Password": "One-Time Password",
    "Validate": "Validate",
    "Assets": "Assets",
    "Activities_List": "Activities List",
    "Activity_Response": "Activity Response",
    "User_Email": "User Email",
    "Profile": "Profile",
    "Assessment_Forms": "Assessment Forms",
    "Custom_Components": "Custom Components",
    "My_Assigned_Forms": "My Assigned Forms",
    "Completed_Forms": "Completed Forms",
    "Generated_Forms": "Generated Forms",
    "SAR_Form": "SAR Form",
    "SAR_Completed_Form": "SAR Completed Form",
    "SAR Expiry Settings": "SAR Expiry Settings",
    "SAR Forms": "SAR Forms",
    "SAR Forms Submitted": "SAR Forms Submitted",
    "SAR Forms pending": "SAR Forms pending",
    "Users Management": "Users Management",
    "Data Inventory": "Data Inventory",
    "Detailed Data Inventory": "Detailed Data Inventory",
    "Assets List": "Assets List",
    "Incident Register": "Incident Register",
    "Settings": "Settings",
    "Sub Forms Expiry Settings": "Sub Forms Expiry Settings",
    "Logout..": "Logout..",
    "Alerts Center": "Alerts Center",
    "A new monthly report is ready to download!": "A new monthly report is ready to download!",
    "has been deposited into your account!": "has been deposited into your account!",
    "Spending Alert: We have noticed unusually high spending for your account.": "Spending Alert: We've noticed unusually high spending for your account.",
    "Show All Alerts": "Show All Alerts",
    "Hi there! I am wondering if you can help me with a problem I have been having.": "Hi there! I am wondering if you can help me with a problem I have been having.",
    "Emily Fowler": "Emily Fowler",
    "I have the photos that you ordered last month, how would you like them sent to you?": "I have the photos that you ordered last month, how would you like them sent to you?",
    "Last months report looks great, I am very happy with the progress so far, keep up the good work!": "Last month's report looks great, I am very happy with the progress so far, keep up the good work!",
    "Am I a good boy? The reason I ask is because someone told me that people say this to all dogs, even if they are not good...": "Am I a good boy? The reason I ask is because someone told me that people say this to all dogs, even if they aren't good...",
    "Read More Messages": "Read More Messages",
    "Company": "Company",
    "Inactive": "Inactive",
    "Registered": "Registered",
    "Active": "Active",
    "Client": "Client",
    "Plans": "Plans",
    "Drivers": "Drivers",
    "Montly Plans": "Montly Plans",
    "Plan Status": "Plan Status",
    "Add New Incident": "Add New Incident",
    "Incident type": "Incident type",
    "Select Incident Type": "Select Incident Type",
    "Orgnaization": "Orgnaization",
    "Select an Orgnaization group": "Select an Orgnaization group",
    "Incident Name": "Incident Name",
    "Assignee": "Assignee",
    "Data Affected": "Data Affected",
    "Date Occurred": "Date Occurred",
    "Date Discovered": "Date Discovered",
    "Deadline Date": "Deadline Date",
    "Problem Description": "Problem Description",
    "Resolution": "Resolution",
    "Select Status": "Select Status",
    "Reported": "Reported",
    "Confirmed": "Confirmed",
    "Investigating": "Investigating",
    "Resolved": "Resolved",
    "Severity": "Severity",
    "Select Severity": "Select Severity",
    "Unknown": "Unknown",
    "Low": "Low",
    "Medium": "Medium",
    "High": "High",
    "Critical": "Critical",
    "Update Incident": "Update Incident",
    "Select an Organization group": "Select an Organization group",
    "Update": "Update",
    "Add Incident": "Add Incident",
    "Root Cause": "Root Cause",
    "See Detail": "See Detail",
    "Close": "Close",
    "Toggle Navigation": "Toggle Navigation",
    "Register": "Register",
    "Logout": "Logout",
    "Basic Tables": "Basic Tables",
    "Data Tables": "Data Tables",
    "Tables": "Tables",
    "Login Image Settings": "Login Image Settings",
    "Company Users": "Company Users",
    "External Users": "External Users",
    "Reports": "Reports",
    "Logo Settings": "Logo Settings",
    "Manage Assessment Form": "Manage Assessment Form",
    "Select Client": "Select Client",
    "Organization Admins": "Organization Admins",
    "Site Admins": "Site Admins",
    "GDPR PIA FORM": "GDPR PIA FORM",
    "GDPR Privacy Impact Assessment form": "GDPR Privacy Impact Assessment form",
    "General": "General",
    "What activity are you assessing?": "What activity are you assessing?",
    "New activity": "New activity",
    "Existing activity": "Existing activity",
    "Not Sure": "Not Sure",
    "Not Applicable": "Not Applicable",
    "Additional comments below": "Additional comments below",
    "Who are the key participant groups in this activity?": "Who are the key participant groups in this activity?",
    "These are the groups who will participate in the processing activity": "These are the groups who will participate in the processing activity",
    "Select all that apply": "Select all that apply",
    "HR": "HR",
    "Legal": "Legal",
    "Sales": "Sales",
    "Marketing": "Marketing",
    "Finance": "Finance",
    "Accounting": "Accounting",
    "Executive Management": "Executive Management",
    "External Parties": "External Parties",
    "Other": "Other",
    "What is the project starting date?": "What is the project starting date?",
    "Date Picker Option": "Date Picker Option",
    "Submit": "Submit",
    "Begin voorverkoop periode": "Begin voorverkoop periode",
    "Collection": "Collection",
    "What data is involved in the activity?": "What data is involved in the activity?",
    "Please select the data elements processed.": "Please select the data elements processed.",
    "Background Checks": "Background Checks",
    "Criminal History": "Criminal History",
    "Criminal Records": "Criminal Records",
    "Driving Citations": "Driving Citations",
    "Drug Test Results": "Drug Test Results",
    "Reference or Background checks": "Reference or Background checks",
    "Fingerprint": "Fingerprint",
    "Retina Scan": "Retina Scan",
    "Voice Recognition": "Voice Recognition",
    "Facial Recognition": "Facial Recognition",
    "Biometric": "Biometric",
    "Browsing Information": "Browsing Information",
    "Browsing Time": "Browsing Time",
    "IP Address": "IP Address",
    "Website History": "Website History",
    "Cookies": "Cookies",
    "Contact Information": "Contact Information",
    "Contact details": "Contact details",
    "Emergency Contact Details": "Emergency Contact Details",
    "Home Address": "Home Address",
    "Personal Email": "Personal Email",
    "Phone Numbers": "Phone Numbers",
    "Previous Residence Address": "Previous Residence Address",
    "Education & Skills": "Education & Skills",
    "Academic Transcripts": "Academic Transcripts",
    "Education & training history": "Education & training history",
    "Educational Degrees": "Educational Degrees",
    "Grade Languages": "Grade Languages",
    "Work Address": "Work Address",
    "Financial": "Financial",
    "Bank account information": "Bank account information",
    "Credit card number": "Credit card number",
    "Credit score": "Credit score",
    "Personal Identification": "Personal Identification",
    "Age": "Age",
    "Date of Birth": "Date of Birth",
    "First Name": "First Name",
    "Last Name": "Last Name",
    "Gender": "Gender",
    "Height": "Height",
    "Weight": "Weight",
    "Marital Status": "Marital Status",
    "Nationality": "Nationality",
    "Racial or Ethnic Origin": "Racial or Ethnic Origin",
    "Religion": "Religion",
    "Religious beliefs": "Religious beliefs",
    "Sexual Orientation": "Sexual Orientation",
    "Signature": "Signature",
    "Social": "Social",
    "Social Media Account": "Social Media Account",
    "Social Media Contact": "Social Media Contact",
    "Social Media History": "Social Media History",
    "User Account Information": "User Account Information",
    "Account Age": "Account Age",
    "Account Number": "Account Number",
    "Account Password": "Account Password",
    "Languages": "Languages",
    "Grade": "Grade",
    "Employment Information": "Employment Information",
    "Benefits and entitlements data": "Benefits and entitlements data",
    "Business unit": "Business unit",
    "division": "division",
    "entity": "entity",
    "Contract type - fixed term \/ temporary \/ permanent etc.": "Contract type - fixed term \/ temporary \/ permanent etc.",
    "Corporate Credit or Debit Card Numbers": "Corporate Credit or Debit Card Numbers",
    "Disciplinary action": "Disciplinary action",
    "Exit interview and comments": "Exit interview and comments",
    "Grievances and complaints": "Grievances and complaints",
    "Health & safety related information and reporting": "Health & safety related information and reporting",
    "Hours of work": "Hours of work",
    "Job application details (e.g. application form, interview notes, references)": "Job application details (e.g. application form, interview notes, references)",
    "Job title \/ role": "Job title \/ role",
    "Line \/ Reporting manager": "Line \/ Reporting manager",
    "Office location": "Office location",
    "Performance rating": "Performance rating",
    "Personnel number": "Personnel number",
    "Previous work history": "Previous work history",
    "Record of absence \/ time tracking \/ annual leave": "Record of absence \/ time tracking \/ annual leave",
    "Salary \/ wage": "Salary \/ wage",
    "Salary \/ wage expectation": "Salary \/ wage expectation",
    "Start date": "Start date",
    "Workers Compensation Claims": "Workers Compensation Claims",
    "Family Information": "Family Information",
    "Parent's Names": "Parent's Names",
    "Bank statements": "Bank statements",
    "Bonus payments": "Bonus payments",
    "Compensation data": "Compensation data",
    "Genetic": "Genetic",
    "Genetic Sequence": "Genetic Sequence",
    "Government Identifiers": "Government Identifiers",
    "Driving license number": "Driving license number",
    "National Identification Number": "National Identification Number",
    "National identity card details": "National identity card details",
    "Passport number": "Passport number",
    "Professional Experience & Affiliations": "Professional Experience & Affiliations",
    "Professional Memberships": "Professional Memberships",
    "Qualifications \/ certifications": "Qualifications \/ certifications",
    "Trade union membership": "Trade union membership",
    "Travel & Expense": "Travel & Expense",
    "Expense details": "Expense details",
    "Travel History": "Travel History",
    "Travel booking details": "Travel booking details",
    "Workplace Welfare": "Workplace Welfare",
    "Bullying and harassment details": "Bullying and harassment details",
    "Did the individuals consent to the collection?": "Did the individuals consent to the collection?",
    "Yes": "Yes",
    "No": "No",
    "Could any of the data have been collected from minors?": "Could any of the data have been collected from minors?",
    "What are the sources of the data collected?": "What are the sources of the data collected?",
    "Individual": "Individual",
    "Commercial Data Aggregators": "Commercial Data Aggregators",
    "Publicly Available Information": "Publicly Available Information",
    "How is the data collected?": "How is the data collected?",
    "Hard copy forms": "Hard copy forms",
    "Electronic forms": "Electronic forms",
    "Online transactions": "Online transactions",
    "Location(s) of individuals": "Location(s) of individuals",
    "United States": "United States",
    "Notice": "Notice",
    "Was notice provided to the individuals prior to collection of their data?": "Was notice provided to the individuals prior to collection of their data?",
    "How was the notice provided?": "How was the notice provided?",
    "Written": "Written",
    "Verbal": "Verbal",
    "Did the notice include the following?": "Did the notice include the following?",
    "Scope of the notice": "Scope of the notice",
    "Types of PII collected": "Types of PII collected",
    "How the PII is collected": "How the PII is collected",
    "How the PII is used": "How the PII is used",
    "How the PII is shared": "How the PII is shared",
    "Sector or geographic-specific disclosures": "Sector or geographic-specific disclosures",
    "Individual choice mechanisms": "Individual choice mechanisms",
    "Data security standards or practices followed": "Data security standards or practices followed",
    "How revisions and updates to the notice are handled\/communicated": "How revisions and updates to the notice are handled\/communicated",
    "Contact information for requesting additional information or lodging complaints": "Contact information for requesting additional information or lodging complaints",
    "How to lodge complaints": "How to lodge complaints",
    "Use": "Use",
    "What is the data used for?": "What is the data used for?",
    "You may provide additional detail in the notes field below.": "You may provide additional detail in the notes field below.",
    "Payroll Processing": "Payroll Processing",
    "Market Research": "Market Research",
    "Travel Planning": "Travel Planning",
    "Recruiting Activities": "Recruiting Activities",
    "Benefits": "Benefits",
    "Compensation": "Compensation",
    "Customer Engagement complaints": "Customer Engagement complaints",
    "Directed Marketing": "Directed Marketing",
    "Customer Service": "Customer Service",
    "Public Health and Safety": "Public Health and Safety",
    "Customer Relationship Management": "Customer Relationship Management",
    "Retirement Planning": "Retirement Planning",
    "Insurance Processing": "Insurance Processing",
    "Health Related Initiatives": "Health Related Initiatives",
    "New Product Development": "New Product Development",
    "Online Learning Initiatives": "Online Learning Initiatives",
    "e-Commerce Activities": "e-Commerce Activities",
    "Contractual Obligations": "Contractual Obligations",
    "Is the use of the data limited to only these purposes?": "Is the use of the data limited to only these purposes?",
    "Is consent obtained for additional uses of the data that are beyond its defined purpose?": "Is consent obtained for additional uses of the data that are beyond its defined purpose?",
    "Access": "Access",
    "Is access to the data limited to a need-to-know basis?": "Is access to the data limited to a need-to-know basis?",
    "Is the data accessible by third parties?": "Is the data accessible by third parties?",
    "Are access control procedures in place?": "Are access control procedures in place?",
    "Are controls in place to correct inaccurate data?": "Are controls in place to correct inaccurate data?",
    "Are individuals able to request that their data be corrected?": "Are individuals able to request that their data be corrected?",
    "Are individuals able to ask to have their data erased?": "Are individuals able to ask to have their data erased?",
    "Handling": "Handling",
    "storage": "storage",
    "What assets are used to process the data for this activity?": "What assets are used to process the data for this activity?",
    "This includes assets involved in the collection, storage, analysis, sharing, etc. of the data": "This includes assets involved in the collection, storage, analysis, sharing, etc. of the data",
    "List available assets to select": "List available assets to select",
    "Add option to create a new asset": "Add option to create a new asset",
    "Is the data encrypted at the storage location?": "Is the data encrypted at the storage location?",
    "Are there backups of the data?": "Are there backups of the data?",
    "Transfer": "Transfer",
    "Can the data be transmitted in a structured, commonly used and machine-readable format?": "Can the data be transmitted in a structured, commonly used and machine-readable format?",
    "Is the data shared with third-parties?": "Is the data shared with third-parties?",
    "Is the data encrypted while in transit?": "Is the data encrypted while in transit?",
    "Retention and destruction": "Retention and destruction",
    "Is there a retention schedule?": "Is there a retention schedule?",
    "Are there specific events that trigger the deletion of data?": "Are there specific events that trigger the deletion of data?",
    "Additional information": "Additional information",
    "Please add any additional notes below": "Please add any additional notes below",
    "Additional Notes": "Additional Notes",
    "user": "user",
    "Actions": "Actions",
    "Add Site Administrator": "Add Site Administrator",
    "Repeat Password": "Repeat Password",
    "Crop": "Crop",
    "Organizations": "Organizations",
    "Add Organization": "Add Organization",
    "Add New Organization": "Add New Organization",
    "Administrator Name": "Administrator Name",
    "Organization Name": "Organization Name",
    "Website": "Website",
    "Please provide proper web address": "Please provide proper web address",
    "Logo": "Logo",
    "Add Organization Administrator": "Add Organization Administrator",
    "Organization": "Organization",
    "Select Organization": "Select Organization",
    "Profile image": "Profile image",
    "Update Organization": "Update Organization",
    "Max Resolution": "Max Resolution`",
    "Max Size": "Max Size",
    "Browse image": "Browse image",
    "Add Admins": "Add Admins",
    "Add Administrator": "Add Administrator",
    "Update Site Administrator": "Update Site Administrator",
    "Update Organization Administrator": "Update Organization Administrator",
    "Company Name": "Company Name",
    "Profile Image": "Profile Image",
    "Home": "Home",
    "Add New": "Add New",
    "Add New User": "Add New User",
    "User Role": "User Role",
    "Add": "Add",
    "User Type": "User Type",
    "Remove Permissions": "Remove Permissions",
    "Administrator": "Administrator",
    "Modules": "Modules",
    "Permission": "Permission",
    "Organization Users List": "Organization Users List",
    "Role": "Role",
    "well": "well",
    "Assets Edit": "Assets Edit",
    "Asset type": "Asset type",
    "Application": "Application",
    "Database": "Database",
    "Physical Storage": "Physical Storage",
    "Hosting Type": "Hosting Type",
    "Cloud": "Cloud",
    "On-Premise": "On-Premise",
    "Hybrid": "Hybrid",
    "Hosting Provider": "Hosting Provider",
    "Country": "Country",
    "City": "City",
    "State": "State",
    "Province": "Province",
    "Add More": "Add More",
    "Asset Name": "Asset Name",
    "Add Asset": "Add Asset",
    "Reset Password": "Reset Password",
    "E-Mail Address": "E-Mail Address",
    "Send Password Reset Link": "Send Password Reset Link",
    "Confirm Password": "Confirm Password",
    "Two Factor Authentication": "Two Factor Authentication",
    "Two factor authentication (2FA) strengthens access security by requiring two methods (also referred to as factors) to verify your identity. Two factor authentication protects against phishing, social engineering and password brute force attacks and secures your logins from attackers exploiting weak or stolen credentials.": "Two factor authentication (2FA) strengthens access security by requiring two methods (also referred to as factors) to verify your identity. Two factor authentication protects against phishing, social engineering and password brute force attacks and secures your logins from attackers exploiting weak or stolen credentials.",
    "Enter the pin from Google Authenticator app": "Enter the pin from Google Authenticator app",
    "One Time Password": "One Time Password",
    "Authenticate": "Authenticate",
    "To Enable Two Factor Authentication on your Account, you need to do following steps": "To Enable Two Factor Authentication on your Account, you need to do following steps",
    "Click on Generate Secret Button , To Generate a Unique secret QR code for your profile": "Click on Generate Secret Button , To Generate a Unique secret QR code for your profile",
    "Verify the OTP from Google Authenticator Mobile App": "Verify the OTP from Google Authenticator Mobile App",
    "Generate Secret Key to Enable 2FA": "Generate Secret Key to Enable 2FA",
    "Scan this barcode with your Google Authenticator App": "Scan this barcode with your Google Authenticator App",
    "Enter the pin the code to Enable 2FA": "Enter the pin the code to Enable 2FA",
    "Authenticator Code": "Authenticator Code",
    "Enable 2FA": "Enable 2FA",
    "2FA is Currently": "2FA is Currently",
    "Enabled": "Enabled",
    "for your account": "for your account",
    "If you are looking to disable Two Factor Authentication. Please confirm your password and Click Disable 2FA Button.": "If you are looking to disable Two Factor Authentication. Please confirm your password and Click Disable 2FA Button.",
    "Current Password": "Current Password",
    "Disable 2FA": "Disable 2FA",
    "Enter the pin from Google Authenticator Enable 2FA": "Enter the pin from Google Authenticator Enable 2FA",
    "Manage Assessment Forms": "Manage Assessment Forms",
    "Completed Forms": "Completed Forms",
    "User Email": "User Email",
    "Form Link": "Form Link",
    "Subform Name": "Subform Name",
    "Form Name": "Form Name",
    "Total Organization Users of this subform": "Total Organization Users of this subform",
    "Completed Forms (By Organization Users)": "Completed Forms (By Organization Users)",
    "Total External Users of this subform": "Total External Users of this subform",
    "Completed Forms (By External Users)": "Completed Forms (By External Users)",
    "Completed": "Completed",
    "Completed On": "Completed On",
    "Edit Form Name": "Edit Form Name",
    "Section": "Section",
    "Almost Done": "Almost Done",
    "Please review your answers before submitting form and": "Please review your answers before submitting form and",
    "once finalized.": "once finalized.",
    "Please fill at least one question from each section in order to be considered filled. You can click the relevent section bullet to jump on that section": "Please fill at least one question from each section in order to be considered filled. You can click the relevent section bullet to jump on that section",
    "Section List": "Section List",
    "Previous": "Previous",
    "Next": "Next",
    "Success": "Success",
    "Your response was successfully recorded.": "Your response was successfully recorded.",
    "Click": "Click",
    "here": "here",
    "to go back to Forms List": "to go back to Forms List",
    "Form Assignees": "Form Assignees",
    "Assign": "Assign",
    "Unassign": "Unassign",
    "Select": "Select",
    "Assessment Forms": "Assessment Forms",
    "Assign to Organization(s)": "Assign to Organization(s)",
    "Show Form": "Show Form",
    "Sub Forms List": "Sub Forms List",
    "Number of Subforms": "Number of Subforms",
    "View Form": "View Form",
    "Show Sub Forms": "Show Sub Forms",
    "Edit Name": "Edit Name",
    "User Forms": "User Forms",
    "Send Link to External Users": "Send Link to External Users",
    "Assessment Form": "Assessment Form",
    "Sent Time": "Sent Time",
    "Total Days": "Total Days",
    "Remaining Days": "Remaining Days",
    "Expiry Time": "Expiry Time",
    "Submitted": "Submitted",
    "Unlock": "Unlock",
    "Change Access": "Change Access",
    "Form Links": "Form Links",
    "Separate emails with comma (,) or new line (by pressing Enter key) for multiple emails": "Separate emails with comma (,) or new line (by pressing Enter key) for multiple emails",
    "Please wait while request is being processed...": "Please wait while request is being processed...",
    "Loading": "Loading",
    "Send Email": "Send Email",
    "Sr No": "Sr No",
    "Open": "Open",
    "Edit Subform": "Edit Subform",
    "Edit": "Edit",
    "SAR Form Assignees": "SAR Form Assignees",
    "Please wait while your action is processed": "Please wait while your action is processed",
    "SubForms List": "SubForms List",
    "of External Users": "of External Users",
    "Assign to Internal Users": "Assign to Internal Users",
    "Assign to External Users": "Assign to External Users",
    "Show Internal Users": "Show Internal Users",
    "Assign Forms To Internal Users": "Assign Forms To Internal Users",
    "Show User Forms": "Show User Forms",
    "Send Forms To External Users": "Send Forms To External Users",
    "Assignes": "Assignes",
    "Number of Forms Assigned": "Number of Forms Assigned",
    "Image": "Image",
    "Select All": "Select All",
    "Company Users Forms": "Company Users Forms",
    "Add and Send Email": "Add and Send Email",
    "Please wait while request is processed": "Please wait while request is processed",
    "View Forms": "View Forms",
    "Back": "Back",
    "Asset Inventory": "Asset Inventory",
    "Additional Comments": "Additional Comments",
    "Select Category": "Select Category",
    "terms of play": "terms of play",
    "privacy & policy": "privacy & policy",
    "subscriber": "subscriber",
    "contact": "contact",
    "home": "home",
    "competitions": "competitions",
    "live draws": "live draws",
    "active competitions": "active competitions",
    "winner podium": "winner podium",
    "how to play": "how to play",
    "forget password": "forget password",
    "Cart Details": "Cart Details",
    "Ticket": "Ticket",
    "Product": "Product",
    "Price": "Price",
    "Your cart is empty": "Your cart is empty",
    "Similar Items": "Similar Items",
    "Checkout": "Checkout",
    "Export": "Export",
    "Completed By": "Completed By",
    "TYPE OF PRIVATE DATA PROCESSED": "TYPE OF PRIVATE DATA PROCESSED",
    "No sub-form of": "No sub-form of",
    "is assigned to any user": "is assigned to any user",
    "Global data inventory": "Global data inventory",
    "Question": "Question",
    "Global Data Inventory": "Global Data Inventory",
    "Summary Reports": "Summary Reports",
    "Department": "Department",
    "Madano": "Madano",
    "Insights": "Insights",
    "Person who completed the Form": "Person who completed the Form",
    "Type of private data processed": "Type of private data processed",
    "References and referee details": "References and referee details",
    "one": "one",
    "Education": "Education",
    "Full name": "Full name",
    "Lawfulness (What allows you to have the data)": "Lawfulness (What allows you to have the data)",
    "Performance contrat (operational requirement)": "Performance contrat (operational requirement)",
    "Collection Method (How is the data collected)": "Collection Method (How is the data collected)",
    "two": "two",
    "Completed SAR Forms": "Completed SAR Forms",
    "Request Status": "Request Status",
    "Change Status": "Change Status",
    "Submission Date": "Submission Date",
    "Due Date": "Due Date",
    "Sent Date": "Sent Date",
    "Expiry Date": "Expiry Date",
    "Submission Status": "Submission Status",
    "Lock": "Lock",
    "Please wait while request is being processed": "Please wait while request is being processed",
    "In-Completed SAR Forms": "In-Completed SAR Forms",
    "SAR Users": "SAR Users",
    "SAR Settings": "SAR Settings",
    "Duration": "Duration",
    "Period": "Period",
    "Days": "Days",
    "Months": "Months",
    "Update Settings": "Update Settings",
    "Sub Forms": "Sub Forms",
    "Add Sub Form": "Add Sub Form",
    "Internal Users": "Internal Users",
    "Sub Form Users": "Sub Form Users",
    "Assign To": "Assign To",
    "Show": "Show",
    "Send Forms": "Send Forms",
    "Message Center": "Message Center",
    "Add Organization New User": "Add Organization New User",
    "Forms List": "Forms List",
    "Fill Form": "Fill Form",
    "To help comply with D3GRC, we need you to complete an assessment form.": "To help comply with D3GRC, we need you to complete an assessment form.",
    "Please click on the": "Please click on the",
    "button below to fill this assessment form before": "button below to fill this assessment form before",
    "Kind regards": "Kind regards",
    "SAR Request(s) Action Pending": "SAR Request(s) Action Pending",
    "Pending request(s) due within": "Pending request(s) due within",
    "SAR Requests Page": "SAR Requests Page",
    "to complete remaining requests": "to complete remaining requests",
    "Total Assessment Forms": "Total Assessment Forms",
    "Total Sub Forms": "Total Sub Forms",
    "Total Users": "Total Users",
    "Total Organization Users": "Total Organization Users",
    "Total External Users": "Total External Users",
    "Total Forms Shared": "Total Forms Shared",
    "Total Completed Form": "Total Completed Form",
    "Incomplete Forms": "Incomplete Forms",
    "Total Activities": "Total Activities",
    "Total Completed SAR Forms": "Total Completed SAR Forms",
    "Total Incomplete SAR Forms": "Total Incomplete SAR Forms",
    "Total Incident Register Forms": "Total Incident Register Forms",
    "Completed SAR Requests": "Completed SAR Requests",
    "Incomplete SAR Requests": "Incomplete SAR Requests",
    "External User Forms": "External User Forms",
    "Not Complete": "Not Complete",
    "Org. User Forms": "Org. User Forms",
    "Incident List": "Incident List",
    "Sources": "Sources",
    "First": "First",
    "Last": "Last",
    "Handle": "Handle",
    "Update image for Login Page": "Update image for Login Page",
    "Current Image": "Current Image",
    "Update Image": "Update Image",
    "Choose File": "Choose File",
    "SIGN IN": "SIGN IN",
    "USERNAME": "USERNAME",
    "Register Now": "Register Now",
    "Forgot Password": "Forgot Password",
    "Back to Login": "Back to Login",
    "Login with Facebook": "Login with Facebook",
    "Login with Google": "Login with Google",
    "Spending Alert": "Spending Alert",
    "We have noticed unusually high spending for your account.": "We have noticed unusually high spending for your account.",
    "Hi there": "Hi there",
    "I am wondering if you can help me with a problem I have been having.": "I am wondering if you can help me with a problem I have been having.",
    "Activity Log": "Activity Log",
    "HELLO THERE": "HELLO THERE",
    "I am a new Text block": "I am a new Text block",
    "ready for your content": "ready for your content",
    "SHARE": "SHARE",
    "Mobile phone": "Mobile phone",
    "Share Link": "Share Link",
    "click here": "click here",
    "to fill this form before": "to fill this form before",
    "Please": "Please",
    "Thanks": "Thanks",
    "Expiry Notice": "Expiry Notice",
    "The form time is expired": "The form time is expired",
    "Access Notice": "Access Notice",
    "The form cannot be accessed": "The form cannot be accessed",
    "Organization Users": "Organization Users",
    "Excluding Admins": "Excluding Admins",
    "Add Organization User": "Add Organization User",
    "Added By": "Added By",
    "Super User status": "Super User status",
    "Permissions": "Permissions",
    "Change Permissions": "Change Permissions",
    "Documentation": "Documentation",
    "News": "News",
    "Form Completion date": "Form Completion date",
    "Activities Response": "Activities Response",
    "No data available in table": "No data available in table",
    "Hosting name": "Hosting name",
    "Users": "Users",
    "Name": "Name",
    "Password": "Password",
    "User": "User",
    "Incomplete_SAR_Requests": "Incomplete SAR Requests",
    "dbrd": "Dashboard",
    "Asset List": "Asset List",
    "Form List": "Form List",
    "Complete": "Complete",
    "Type": "Type",
    "Assigne": "Assigne",
    "Status": "Status",
    "Activities List": "Activities List",
    "Form Completion Date": "Form Completion Date",
    "Not Submitted": "Not Submitted",
    "new test": "new test",
    "Sir Ahmad": "sir ahmad dfgsdf",
    "dsfasd": "dasfsdafdjhkj"
}